Field1,Field2,Field3,Field4,Field5
val1.1,val1.2,val1.3,val1.4,val1.5
val2.1,val2.2,val2.3,val2.4,val2.5
val3.1,val3.2,val3.3,val3.4,val3.5
val4.1,val4.2,val4.3,val4.4,val4.5
val5.1,val5.2,val5.3,val5.4,val5.5
val6.1,val6.2,val6.3,val6.4,val6.5
val7.1,val7.2,val7.3,val7.4,val7.5
val8.1,val8.2,val8.3,val8.4,val8.5
val9.1,val9.2,val9.3,val9.4,val9.5
val10.1,val10.2,val10.3,val10.4,val10.5
val11.1,val11.2,val11.3,val11.4,val11.5
val12.1,val12.2,val12.3,val12.4,val12.5
val13.1,val13.2,val13.3,val13.4,val13.5
val14.1,val14.2,val14.3,val14.4,val14.5
val15.1,val15.2,val15.3,val15.4,val15.5
val16.1,val16.2,val16.3,val16.4,val16.5
val17.1,val17.2,val17.3,val17.4,val17.5
val18.1,val18.2,val18.3,val18.4,val18.5
val19.1,val19.2,val19.3,val19.4,val19.5
val20.1,val20.2,val20.3,val20.4,val20.5
val21.1,val21.2,val21.3,val21.4,val21.5
val22.1,val22.2,val22.3,val22.4,val22.5
val23.1,val23.2,val23.3,val23.4,val23.5
val24.1,val24.2,val24.3,val24.4,val24.5
val25.1,val25.2,val25.3,val25.4,val25.5
val26.1,val26.2,val26.3,val26.4,val26.5
val27.1,val27.2,val27.3,val27.4,val27.5
val28.1,val28.2,val28.3,val28.4,val28.5
val29.1,val29.2,val29.3,val29.4,val29.5
val30.1,val30.2,val30.3,val30.4,val30.5
